00000000000f5760,rl_old_menu_complete
0000000000060424,maybe_make_export_env
00000000000abc00,initialize_shell_builtins
00000000000d82e0,extglob_pattern_p
00000000000449a0,dispose_cond_node
000000000003ace8,decode_prompt_string
00000000000c6e28,show_var_attributes
000000000005ce00,push_var_context
0000000000089c00,buffered_ungetchar
00000000000d97b0,isnetconn
000000000010e448,rl_keep_mark_active
00000000000a0088,bash_servicename_completion_function
00000000000c17a0,mapfile_builtin
000000000005eaac,sv_hostfile
000000000008e720,test_binop
0000000000040464,reader_loop
000000000008b16c,set_trap_state
0000000000090040,decode_signal
00000000000ab988,read_octal
00000000000bc78c,hash_builtin
00000000000f7d30,rl_add_defun
0000000000069568,unfreeze_jobs_list
00000000000b9540,parse_and_execute
00000000000c6220,initialize_shell_options
000000000009560c,array_reference
00000000000b0f04,sh_invalidopt
000000000009f290,bash_delete_last_history
00000000000db230,sh_double_quote
00000000000b1340,sh_invalidsig
00000000000bad68,exec_builtin
0000000000090580,init_mail_dates
000000000007a6a0,string_list_dollar_at
00000000000e4c00,rl_empty_keymap
000000000010e070,rl_operate_and_get_next
00000000000afb50,builtin_bind_var_to_int
00000000000567c0,make_local_assoc_variable
000000000009aa80,assign_array_element
00000000000dd7e4,mbstrlen
00000000000d9680,sh_stat
00000000000f5500,_rl_optimize_redisplay
00000000000623c4,copy_function_def
000000000009d424,brace_expand
00000000000f8220,_rl_search_getchar
000000000005ef40,add_or_supercede_exported_var
00000000000e76b0,rl_vi_check
0000000000075e40,dequote_escapes
00000000000977f0,array_modcase
000000000008e304,maybe_set_sigchld_trap
0000000000075320,get_word_from_string
000000000010ec70,history_get_time
000000000008c304,run_unwind_frame
000000000010e9ac,history_get_history_state
0000000000076c00,expand_string_unsplit
00000000001126a0,rl_transpose_words
00000000000453d0,coproc_wclose
0000000000042da0,absolute_pathname
000000000010c4b0,rl_newline
0000000000070560,extract_process_subst
000000000010c628,rl_insert_comment
000000000010eb6c,history_get
00000000000bc4ec,fg_builtin
00000000000fe680,rl_forward_word
00000000001104a8,_rl_compare_chars
00000000000439e0,make_command
000000000011356c,history_truncate_file
00000000000e3d2c,rl_vi_yank_arg
000000000003fbd0,save_parser_state
00000000000416a0,close_fd_bitmap
00000000000eaec0,rl_vi_rubout
000000000005c640,all_visible_variables
0000000000068e80,job_exit_signal
0000000000101400,_rl_digit_p
0000000000042aa0,check_binary_file
00000000000e4fa0,rl_tty_unset_default_bindings
00000000000e33e0,readline_internal_char
000000000008bfe4,close_buffered_fd
00000000000ba96c,source_file
0000000000063fd0,err_readonly
000000000010b42c,rl_callback_read_char
00000000001024ec,rl_stuff_char
0000000000036b80,parser_remaining_input
0000000000101f88,_rl_kill_kbd_macro
00000000000e4904,_rl_vi_reset_last
00000000000556c8,print_var_value
00000000000a26c0,get_hostname_list
000000000005602c,sh_get_env_value
00000000000a082c,reset_completer_word_break_chars
0000000000046180,xtrace_print_cond_term
0000000000044668,xtrace_init
0000000000108be0,rl_replace_line
00000000000635a0,bind_int_variable
00000000000dc2c0,sh_quote_reusable
00000000000de328,urandom_close
0000000000069760,set_maxchild
0000000000092ccc,check_signals_and_traps
0000000000108524,rl_end_kbd_macro
000000000009f3b0,bash_delete_history_range
0000000000095ea0,kvpair_assignment_p
00000000000d6068,glob_pattern_p
0000000000102c28,rl_get_screen_size
0000000000063c0c,start_pipeline
0000000000097340,array_remove_quoted_nulls
00000000001015c8,_rl_savestring
000000000011b1a0,_rl_enable_paren_matching
00000000000cca50,reset_shopt_options
0000000000109750,rl_reset_screen_size
00000000001083e0,rl_rubout
00000000000db6e0,sh_un_double_quote
00000000001128e0,rl_char_search
00000000000c97cc,ulimit_builtin
00000000000df52c,zmapfd
000000000010e820,next_history
0000000000089ca0,sigterm_sighandler
0000000000068d40,wait_sigint_cleanup
0000000000060ac0,sv_funcnest
00000000000b07c8,builtin_error
0000000000089b80,expand_words_shellexp
0000000000045460,coproc_pidchk
0000000000094b10,array_create_element
0000000000096ea4,assoc_reference
0000000000076590,expand_string_to_string
00000000000507e8,get_random_number
00000000000b5b40,parse_and_execute_cleanup
0000000000092e90,getc_with_restart
000000000005d3ec,push_context
000000000004a628,print_comsub
00000000000e91a0,rl_vi_append_eol
0000000000095a80,array_to_string
000000000006c200,without_job_control
0000000000114a00,rl_universal_argument
000000000008e380,maybe_set_debug_trap
00000000000dc280,ansic_quote
00000000000902ac,time_to_check_mail
0000000000042790,fd_ispipe
0000000000097284,assoc_dequote_escapes
0000000000101ce4,_rl_prev_macro_key
00000000000604c0,save_pipestatus_array
00000000000d8e28,zsyncfd
00000000000f2bc0,rl_unbind_key_in_map
00000000000db140,sh_single_quote
000000000010e550,using_history
00000000000acf0c,set_lang
00000000000a074c,history_number
00000000000f2ba0,rl_unbind_key
000000000006e6a8,procsub_waitall
0000000000091aa0,termsig_handler
0000000000092600,run_return_trap
000000000009468c,test_command
000000000007fdd0,string_quote_removal
0000000000096f00,assoc_insert
000000000010fab0,rl_maybe_replace_line
0000000000090420,remember_mail_dates
00000000001121c8,_rl_char_search_internal
000000000008c3e0,remove_unwind_protect
00000000000b1084,caller_builtin
00000000000dcc68,itos
000000000003656c,save_token_state
000000000005da00,internal_debug
00000000000361a0,pop_stream
00000000000d9ca0,sh_canonpath
00000000000f2b64,rl_bind_key_in_map
000000000006cba8,restart_job_control
00000000000abb10,find_shell_builtin
00000000000ac108,strcreplace
00000000000e8910,rl_vi_fword
00000000000990a4,convert_var_to_assoc
000000000007612c,dequote_string
00000000000dee20,_getenv
00000000000f7c68,rl_dump_macros
00000000000b8f40,exit_builtin
0000000000089c68,sigwinch_sighandler
00000000000de880,mbschr
00000000000cbf44,set_login_shell
00000000000c7f08,readonly_builtin
00000000000cd120,sh_getopt_alloc_istate
0000000000094bc0,array_flush
000000000008d550,get_all_original_signals
0000000000108b04,rl_free_line_state
0000000000057704,set_if_not
0000000000107360,rl_backward
000000000005c920,sort_variables
00000000000911e0,check_bash_input
00000000000d8c80,wmatchlen
00000000000dd760,u32toutf16
000000000010f4d0,remove_history
00000000000f82e8,_rl_isearch_cleanup
00000000000a53a8,bash_default_completion
0000000000042e28,absolute_program
000000000008a710,hash_string
0000000000103560,_rl_standout_on
00000000000b4040,gen_compspec_completions
00000000001020a0,_rl_with_macro_input
0000000000037c60,unbind_args
00000000000e4280,_rl_keyseq_cxt_dispose
0000000000063af0,sys_error
00000000000e0d28,strvec_copy
00000000000767b0,remove_quoted_ifs
00000000000e3900,rl_vi_back_to_indent
0000000000107310,rl_forward
0000000000053b20,find_variable_tempenv
00000000000d2e40,shopt_builtin
0000000000077580,clear_fifo
00000000000da98c,strlist_walk
000000000006904c,initialize_job_signals
0000000000094a84,array_create
00000000000a0908,enable_hostname_completion
00000000000af3e0,completions_to_stringlist
0000000000041da0,num_posix_options
000000000006c060,delete_all_jobs
00000000000e9270,rl_vi_column
00000000000ab9f0,builtin_address_internal
000000000009f8e8,bashline_reset_event_hook
0000000000069b2c,set_sigchld_handler
00000000000ec0c0,rl_vi_domove
000000000008c0c0,sync_buffered_stream
00000000000bdb50,history_builtin
00000000000cd180,sh_getopt_save_istate
00000000000964a0,assoc_quote
00000000000c5d0c,set_minus_o_option
00000000000d8e90,ttgetattr
000000000008b2d0,any_signals_trapped
000000000004b1a0,execute_command_internal
000000000008c420,run_unwind_protects
0000000000042c48,file_exists
00000000000d93e0,tt_setnocanon
00000000000fe28c,_rl_output_character_function
00000000000996e0,array_variable_name
0000000000036020,parser_will_prompt
0000000000045420,coproc_fdsave
00000000000450c0,coproc_close
000000000009f06c,bash_history_enable
000000000009b708,assign_array_from_string
000000000010fe28,history_search_prefix
00000000000aae68,locale_decpoint
000000000005dea8,cleanup_the_pipeline
000000000005d520,stupidly_hack_special_variables
00000000000f1860,_rl_free_match_list
00000000000f2980,rl_bind_keyseq
00000000000ef100,rl_display_match_list
00000000000367a0,free_pushed_string_input
0000000000061860,copy_redirect
000000000010f78c,unstifle_history
0000000000095200,array_shift_element
0000000000107bc8,_rl_insert_typein
0000000000097a90,assoc_to_word_list
00000000000ad308,localetrans
00000000000ec3ac,rl_vi_change_to
000000000004e9e0,execute_command
000000000011ae60,rl_insert_close
000000000005616c,make_local_variable
000000000010d780,rl_set_mark
000000000005de30,init_job_stats
0000000000041fec,print_rlimtype
00000000000c1584,getopts_reset
00000000000e4e80,_rl_nsearch_cleanup
00000000000dd4c0,u32tochar
00000000000fa2d0,_rl_reset_prompt
00000000000e4324,_rl_vi_textmod_command
0000000000044068,make_cond_node
00000000000d80f0,xwcsrtombs
00000000000de3e0,shtimer_alloc
00000000001019c0,_rl_copy_undo_list
000000000005c340,kill_all_local_variables
0000000000062420,bind_function_def
00000000000b88e4,enable_builtin
00000000000cf7e0,glob_patscan_wc
000000000006a5c4,describe_pid
0000000000036520,stream_on_stack
00000000000e4a04,rl_make_bare_keymap
00000000000566e0,make_local_array_variable
0000000000100b70,_rl_block_sigwinch
0000000000100400,rl_set_signals
0000000000097700,array_patsub
0000000000100870,rl_clear_signals
00000000000c5b80,set_current_options
000000000010762c,rl_rubout_or_delete
00000000000555e0,print_var_function
0000000000102280,rl_push_macro_input
0000000000114e88,rl_beginning_of_history
000000000008af20,hash_dispose
00000000000ed90c,rl_vi_search_again
00000000000552e8,find_variable_no_invisible
00000000000f51e0,rl_bind_keyseq_if_unbound_in_map
00000000000f5244,_rl_scxt_alloc
00000000000451f0,coproc_alloc
00000000000df970,sh_eaccess
00000000000f73b0,rl_completion_matches
00000000000e5980,rl_vi_goto_mark
0000000000043220,conf_standard_path
00000000000d9040,ttfd_onechar
0000000000061720,copy_word_list
000000000008c140,uwp_init
0000000000112c60,_rl_init_eightbit
000000000008b9e0,set_signal_ignored
00000000001003c0,rl_clear_pending_input
00000000000e3a00,rl_vi_eof_maybe
0000000000100e68,rl_ding
0000000000069444,count_all_jobs
000000000010150c,_rl_to_upper
00000000000468e0,xtrace_print_word_list
0000000000101440,_rl_lowercase_p
000000000005da70,find_flag
0000000000041f20,string_to_rlimtype
0000000000044cd0,executing_line_number
000000000010aa48,_rl_overwrite_char
00000000000b15cc,sh_ttyerror
00000000000bb420,fc_builtin
00000000000616a0,sv_childmax
00000000000b5bc8,echo_builtin
000000000006c728,initialize_job_control
0000000000114bc8,rl_end_of_history
00000000000cd0d0,sh_getopt_restore_state
000000000006f100,wait_for_any_job
00000000000e3980,rl_vi_first_print
00000000001111c0,_rl_put_indicator
00000000000960c0,bash_history_disable
000000000005f784,unbind_variable
000000000008b940,signal_is_ignored
00000000000e4808,_rl_add_executing_keyseq
00000000000b0f40,sh_invalidoptname
0000000000111330,_rl_print_prefix_color
00000000000f3e80,rl_variable_value
00000000000f7c40,rl_macro_dumper
00000000000c0ba0,read_tty_modified
000000000005e4e4,save_proc_status
00000000000e4ce8,rl_make_keymap
000000000008ee20,delete_all_aliases
0000000000041c60,posix_initialize
000000000005ce70,delete_all_contexts
00000000000ad048,mk_msgstr
00000000000ec120,rl_vi_delete_to
00000000000b03e0,progcomp_walk
0000000000068b6c,get_job_by_pid
000000000005fa40,unbind_global_variable_noref
0000000000096344,array_to_argv
00000000000a9e60,bash_execute_unix_command
000000000006b070,set_tty_state
0000000000035c60,sh_exit
0000000000043f40,make_until_command
0000000000048744,print_for_command_head
00000000000edd50,rl_history_substr_search_backward
00000000000dcdc0,uitos
0000000000113f68,write_history
00000000000d1304,shopt_listopt
0000000000102440,_rl_nchars_available
000000000008e8c8,show_shell_version
00000000000e9060,rl_vi_append_mode
00000000000365e0,restore_token_state
00000000000696c0,end_job_control
00000000000d1bd0,parse_bashopts
0000000000035fa8,get_current_user_info
000000000009a5f0,expand_and_quote_assoc_word
00000000000613a0,set_pipestatus_array
0000000000098160,array_to_kvpair_list
0000000000053ba0,find_global_variable
0000000000078510,split_at_delims
00000000001010a8,rl_copy_text
00000000000e8160,rl_vi_redo
000000000008c2d0,discard_unwind_frame
0000000000046ae4,xtrace_print_for_command_head
0000000000060e80,reinit_special_variables
00000000000daa6c,strvec_sort
0000000000101340,_rl_strindex
0000000000043540,alloc_word_desc
00000000000e8fe8,rl_vi_end_word
00000000000cca08,reset_internal_getopt
000000000009f228,bash_delete_histent
000000000009ee24,bash_initialize_history
000000000010ed00,add_history
00000000000aef50,compspec_create
00000000000dab00,strvec_mcreate
00000000000e5070,_rl_restore_tty_signals
0000000000068ac0,hangup_all_jobs
00000000000954c0,array_remove
00000000000367c0,parser_save_alias
0000000000094c44,array_dispose_element
000000000007fd60,expand_subscript_string
0000000000047220,make_arith_for_command
000000000006a320,kill_pid
00000000000420a0,all_digits
00000000000c7320,show_name_attributes
0000000000046be4,extract_colon_unit
00000000000758e0,get_dollar_var_value
00000000000a2080,bash_directory_completion_matches
000000000005c6c4,all_exported_variables
00000000000a1640,find_string_in_alist
00000000000db7e0,sh_backslash_quote
0000000000042660,line_isblank
000000000009b824,unbind_array_element
000000000008b1c0,next_pending_trap
000000000010e708,rl_clear_history
0000000000099864,array_variable_part
00000000000d8f20,ttrestore
0000000000119620,rl_set_paren_blink_timeout
00000000000363c0,rewind_input_string
00000000000dc840,fmtulong
0000000000042800,check_dev_tty
000000000010c1e0,_rl_set_screen_size
0000000000113040,read_history_range
00000000000da060,sh_physpath
0000000000044c20,new_fd_bitmap
00000000000ae480,do_redirections
000000000005a460,set_pwd
00000000000ab080,clean_itemlist
000000000010efe8,free_history_entry
000000000003cce0,yyparse
000000000007fda0,invalidate_cached_quoted_dollar_at
000000000005342c,nameref_transform_name
000000000006fe24,extract_array_assignment_list
0000000000043944,make_word_list
00000000000de1e0,brand
0000000000076ea0,expand_assignment_string_to_string
00000000000b3530,no_args
000000000009c128,array_value
00000000000ea2c4,rltty_set_default_bindings
0000000000051820,find_variable_noref
0000000000043a44,command_connect
0000000000047700,xtrace_set
0000000000101d40,_rl_pop_executing_macro
00000000000abc68,get_locale_var
00000000000ea3e8,rl_tty_set_default_bindings
000000000010e62c,history_set_pos
00000000000e9470,_rl_vi_done_inserting
000000000006fb44,notify_and_cleanup
0000000000089b40,expand_words
000000000010fe0c,history_search
000000000005e5a0,procsub_add
000000000008ac0c,hash_insert
00000000000d91f0,ttnoecho
0000000000107500,rl_delete
000000000009c804,assoc_to_kvpair
00000000000fe26c,rl_do_lowercase_version
0000000000069c0c,sub_append_string
000000000004a6a0,named_function_string
00000000000644a8,file_error
00000000000c7ee8,export_builtin
000000000008e004,set_signal
000000000008c1a0,begin_unwind_frame
00000000000f4ca8,rl_get_keymap
00000000000ad348,locale_expand
000000000008b6a0,set_return_trap
00000000000688e0,append_process
000000000010f0f0,copy_history_entry
0000000000040020,execute_array_command
00000000000bea50,disown_builtin
00000000000d9980,divtimeval
0000000000103cd0,rl_kill_full_line
0000000000104164,rl_unix_line_discard
0000000000095e70,flush_eltstate
00000000000e97c8,rl_vi_movement_mode
00000000000b93e4,open_redir_file
0000000000102c68,rl_get_termcap
0000000000108ce0,rl_do_undo
000000000008a580,hash_flush
00000000000a13e4,strsub
00000000000de460,shtimer_flush
00000000000e2cc0,readline_internal_setup
0000000000041dc0,get_posix_options
0000000000099184,make_array_variable_value
00000000000951e0,array_unshift_element
00000000000f84c0,_rl_isearch_dispatch
0000000000046f68,full_pathname
00000000000c7820,set_or_show_attributes
00000000000c6184,parse_shellopts
0000000000048844,print_case_command_head
00000000001103a8,_rl_find_prev_mbchar
0000000000060d60,sv_execignore
00000000000ffc60,_rl_erase_entire_line
000000000006d740,list_stopped_jobs
0000000000062bc0,all_local_variables
0000000000042ba0,sh_openpipe
000000000010174c,rl_begin_undo_group
000000000005c0c0,sv_path
000000000008c08c,set_buffered_stream
00000000000dce80,fmtumax
00000000000e4180,_rl_init_line_state
000000000008aee0,phash_insert
0000000000101880,_rl_free_undo_list
00000000000452c0,coproc_flush
0000000000044840,print_word_list
00000000000402e0,read_command
00000000000777a0,unlink_fifo_list
000000000006eda0,wait_for_job
0000000000075144,ifs_firstchar
0000000000112150,rl_upcase_word
00000000000d33ec,printf_builtin
000000000005dad0,which_set_flags
00000000000b37c0,continue_builtin
00000000000695a8,set_job_control
000000000005e080,save_pipeline
0000000000044d80,dispose_exec_redirects
00000000000a1f80,posix_readline_initialize
0000000000056110,make_new_assoc_variable
00000000000de780,shtimer_alrm
0000000000095860,array_from_argv
00000000000e8684,rl_vi_eWord
000000000005e760,procsub_delete
00000000000eaa48,rl_vi_change_case
00000000000609a0,pop_args
000000000006d7a4,list_running_jobs
00000000000554e0,find_variable_nameref_for_assignment
0000000000092980,throw_to_top_level
00000000000fe628,_rl_qsort_string_compare
00000000000a0b60,bashline_reinitialize
00000000000e4780,_rl_term_executing_keyseq
0000000000069540,freeze_jobs_list
00000000000dc3a0,mailstat
00000000000dcec0,uconvert
00000000000d8fe0,tt_setonechar
00000000000e37a8,readline
000000000008b064,free_mail_files
0000000000116590,history_expand
000000000008b320,clear_pending_traps
000000000010e4e0,rl_mark_active_p
0000000000115090,rl_fetch_history
00000000000baae0,evalstring
0000000000048300,dispose_function_def_contents
00000000000794d0,do_assignment
0000000000064530,err_unboundvar
0000000000101844,_rl_any_typein
000000000008dc48,restore_original_signals
00000000000f7f80,rl_function_dumper
00000000000ffd90,_rl_refresh_line
00000000000811ac,pat_subst
00000000000da540,strlist_create
00000000001035ac,_rl_standout_off
0000000000069320,nohup_all_jobs
000000000004ae60,coproc_unsetvars
000000000010ea40,history_set_history_state
00000000000df080,zreadintr
0000000000101028,rl_backward_byte
000000000008d060,reset_terminating_signals
00000000000e3260,_rl_internal_char_cleanup
00000000000fb404,rl_re_read_init_file
00000000000766a4,expand_word_unsplit
00000000000a17c0,bash_add_history
00000000000dde20,utf8_mbschr
00000000000e5110,rl_completion_mode
00000000000da660,strlist_resize
0000000000060908,save_bash_argv
000000000007c630,command_substitute
00000000000bed80,kill_builtin
00000000000c0ea0,get_minus_o_opts
00000000000b2a40,get_working_directory
00000000000e42ec,_rl_vi_set_last
0000000000075e20,quote_rhs
000000000005164c,var_lookup
00000000000438cc,make_word_from_token
00000000001037a0,rl_delete_text
00000000000ede00,rl_history_search_backward
00000000000af340,set_expand_once
000000000009cda0,print_assoc_assignment
000000000006456c,parser_error
00000000000da7a0,strlist_flush
000000000008bd28,duplicate_buffered_stream
00000000000c1260,parse_symbolic_mode
00000000000d99c0,timeval_to_cpu
0000000000053e44,make_funcname_visible
00000000000486c8,print_arith_command
000000000005f348,unbind_func
0000000000053a00,find_variable_nameref
00000000000fea00,_rl_region_color_off
00000000000bce00,help_builtin
00000000000e71a0,rl_vi_bWord
00000000000d9320,tteightbit
0000000000115fe0,tilde_expand
00000000000eb8f0,_rl_vi_domove_motion_cleanup
000000000008a7e0,hash_search
0000000000097c30,assoc_patsub
0000000000069588,set_jobs_list_frozen
00000000000be564,jobs_builtin
000000000010a9c8,_rl_bracketed_read_mbstring
00000000000994a4,assign_array_var_from_word_list
0000000000076600,expand_word
0000000000100be4,_rl_release_sigwinch
00000000000ab6e0,progcomp_flush
000000000008fe40,hash_copy
000000000005c464,delete_all_variables
00000000000d95a4,ttcbreak
00000000000e2810,ansicstr
000000000006b8e0,delete_job
0000000000037d28,unset_bash_input
00000000000d8d84,zreadretry
0000000000042d24,path_dot_or_dotdot
00000000000440ec,make_cond_command
00000000000c5acc,return_builtin
00000000000f6120,rl_filename_completion_function
000000000010f9e4,replace_history_entry
00000000000af8e0,shift_args
0000000000114c48,rl_replace_from_history
000000000010a8c0,_rl_read_mbstring
000000000010a408,rl_bracketed_paste_begin
00000000000df320,zreadc
0000000000045440,coproc_fdrestore
000000000010ae60,rl_arrow_keys
0000000000041e40,save_posix_options
000000000005c7cc,map_over_funcs
0000000000076d0c,expand_string_assignment
00000000000fe6d0,rl_kill_region
000000000004ace0,coproc_checkfd
0000000000053c60,find_shell_variable
0000000000109c80,rl_check_signals
00000000000df3c4,zreadn
0000000000043c2c,make_group_command
0000000000094c84,array_dispose
0000000000055188,execute_shell_function
00000000000ab500,pcomp_set_compspec_options
0000000000043b84,make_select_command
00000000000fec4c,rl_forced_update_display
000000000010ffc0,history_search_pos
000000000008fb40,phash_search
00000000000d1868,get_shopt_options
000000000010f26c,_hs_replace_history_data
00000000000f1600,rl_forward_search_history
00000000000deb80,fsleep
00000000001036d0,_rl_control_keypad
000000000004aa28,coproc_setvars
00000000000b90c0,parse_string
0000000000057788,bind_global_variable
000000000008e840,shell_version_string
0000000000102b80,_rl_timeout_handle_sigalrm
0000000000062eec,pop_scope
0000000000053b60,find_variable_notempenv
00000000000c34c0,read_builtin_timeout
0000000000109780,_rl_sigwinch_resize_terminal
0000000000075124,string_list
00000000000de7a0,wcsnwidth
000000000010e970,rl_maybe_save_line
000000000008dc68,set_sigwinch_handler
0000000000099660,bind_assoc_variable
00000000000a1b40,check_add_history
000000000008b9a0,set_signal_hard_ignored
00000000000da848,strlist_dispose
00000000000fed8c,_rl_move_vert
0000000000102ba0,_rl_callback_data_alloc
0000000000111448,_rl_print_color_indicator
00000000000630c0,sv_xtracefd
00000000000f60f0,rl_backward_menu_complete
000000000008a6e0,hash_size
000000000005d020,reset_local_contexts
00000000000e41e0,_rl_set_the_line
0000000000048a00,print_cond_command
000000000008d000,should_ignore_glob_matches
0000000000109320,rl_callback_sigcleanup
000000000009a8c0,assoc_remove
00000000000de160,utf8_mbstrlen
0000000000103a64,rl_kill_word
00000000000adca0,search_for_command
00000000000644e8,err_badarraysub
00000000000b0a20,sh_notbuiltin
0000000000040d4c,parse_string_to_command
0000000000089b60,expand_words_no_vars
00000000000c0f20,get_current_options
000000000010b9d0,rl_callback_handler_remove
0000000000094f20,array_walk
000000000009f200,bash_clear_history
00000000000c1e88,umask_builtin
0000000000102408,rl_set_keyboard_input_timeout
000000000005d160,push_scope
000000000010904c,rl_yank_last_arg
00000000000c30e0,get_directory_stack
00000000000dde40,utf8_mbscmp
0000000000108a80,rl_free_undo_list
00000000000fefe8,rl_show_char
00000000000e7fc4,rl_vi_put
000000000005c748,all_array_variables
0000000000077640,copy_fifo_list
000000000008ea04,initialize_aliases
0000000000102700,rl_timeout_remaining
00000000000c0a6c,check_read_timeout
00000000000f29c0,rl_bind_key
00000000000dbd20,sh_contains_shell_metas
0000000000036868,clear_string_list_expander
0000000000061acc,copy_command
0000000000101560,_rl_uppercase_p
00000000000fb38c,rl_read_init_file
000000000005536c,find_variable_for_assignment
0000000000063ec0,report_error
00000000000fea60,_rl_region_color_on
00000000000dace8,strvec_search
00000000000950e8,array_rshift
00000000000557ac,print_assignment
00000000000c86a0,suspend_builtin
0000000000060460,sv_tz
00000000000aac60,colon_builtin
00000000000f4c80,rl_set_keymap
000000000008d020,ignore_glob_matches
0000000000046100,xtrace_print_case_command_head
00000000000af2c4,set_working_directory
0000000000074f40,string_list_internal
000000000010e500,_rl_reset_argument
000000000008b8ac,signal_is_trapped
00000000000b3ec0,builtin_find_indexed_array
00000000000dac68,strlist_remove
0000000000075a24,remove_backslashes
0000000000051b00,find_global_variable_last_nameref
000000000009f564,pre_process_line
0000000000043ea4,make_while_command
00000000000fe6ac,rl_copy_region_to_kill
00000000000c3524,set_shellopts
00000000000777e0,unlink_all_fifos
00000000000dfd80,sh_makepath
00000000000ff960,rl_crlf
00000000001082ac,_rl_overwrite_rubout
000000000009308c,buffered_getchar
00000000000df120,zreadcintr
000000000005f1ec,update_export_env_inplace
00000000000f51a0,rl_bind_key_if_unbound
0000000000035c24,parser_restore_alias
000000000006c264,run_sigchld_trap
00000000000ec6a0,rl_vi_yank_to
0000000000048380,dispose_function_def
000000000008d2e8,set_signal_handler
00000000000aaca0,xfree
00000000000de4c0,shtimer_dispose
00000000000e6b60,rl_vi_tilde_expand
00000000000f4d40,rl_get_keymap_name_from_edit_mode
00000000000d85a8,glob_dirscan
0000000000100d88,rl_alphabetic
000000000010f040,add_history_time
0000000000075200,string_list_dollar_star
000000000005dba0,get_current_flags
0000000000096fc0,assoc_replace
000000000008b530,maybe_set_error_trap
00000000000e294c,shtimer_set
00000000001153e0,_rl_revert_all_lines
00000000000de360,get_urandom32
0000000000066780,change_flag
00000000000615f0,sv_locale
000000000008afe0,reset_mail_timer
00000000000905c0,check_mail
000000000009f460,maybe_add_history
00000000000b5a20,optimize_shell_function
00000000000b3200,pwd_builtin
00000000000f4cd0,rl_set_keymap_from_edit_mode
00000000000bacc0,eval_builtin
00000000000ff120,rl_character_len
00000000000c7208,show_local_var_attributes
000000000009b7a0,assign_array_var_from_string
0000000000077960,find_procsub_child
0000000000077820,close_new_fifos
00000000000e518c,_rl_reset_completion_state
000000000010216c,rl_start_kbd_macro
00000000000f4890,rl_get_keymap_by_name
0000000000076f0c,list_string
00000000000e8cec,rl_vi_eword
0000000000100c28,rl_echo_signal_char
00000000000e0520,sh_mktmpdir
00000000000da904,strlist_print
0000000000060820,sv_ifs
0000000000097ac8,assoc_subrange
00000000000ffa84,rl_refresh_line
0000000000101a48,_rl_fix_last_undo_of_type
0000000000042eb0,bash_tilde_find_word
0000000000097aac,assoc_keys_to_word_list
0000000000110580,_rl_adjust_point
000000000009ef08,maybe_save_shell_history
000000000010c708,rl_delete_or_show_completions
00000000000acfe4,set_default_lang
00000000000abfec,is_directory
00000000000487c4,print_select_command_head
00000000000aae40,xbcopy
0000000000107de0,_rl_insert_char
000000000005e684,procsub_search
00000000000fe240,rl_beg_of_line
00000000001085b0,rl_tilde_expand
00000000000639e0,internal_inform
000000000008ba0c,signal_in_progress
0000000000114380,_rl_arg_init
000000000010a780,_rl_read_mbchar
0000000000092844,run_debug_trap
000000000009f0e0,load_history
000000000010e5d0,current_history
00000000000ab868,sh_noassign
00000000000426e0,sh_unset_nodelay_mode
00000000000ff6e0,rl_clear_message
0000000000044a40,dispose_words
0000000000068880,discard_pipeline
00000000000bf2e0,let_builtin
00000000000b02cc,progcomp_insert
00000000000e1420,strlist_to_word_list
00000000000d9180,tt_setnoecho
00000000000b3e04,builtin_bind_variable
00000000000d84c0,match_pattern_wchar
00000000000aac28,initialize_readline
00000000000adfc0,redirection_expand
00000000000d5ad0,compgen_builtin
0000000000107020,_rl_forward_char_internal
0000000000102000,_rl_abort_internal
00000000000cd168,sh_getopt_dispose_istate
000000000008a5b0,hash_create
00000000000c73c4,show_localname_attributes
000000000010e584,_rl_free_history_entry
00000000000b0be0,command_builtin
00000000000f2c2c,rl_set_key
0000000000102b40,_rl_input_queued
0000000000107ce0,_rl_replace_text
00000000000d91c0,ttfd_noecho
00000000000a11e0,list_reverse
0000000000092d2c,sigint_sighandler
00000000000abe60,setup_exec_ignore
0000000000113f40,append_history
0000000000114740,_rl_arg_callback
0000000000095eec,assoc_dispose
00000000000d90a0,ttonechar
000000000004292c,move_to_high_fd
000000000008c550,unwind_protect_mem
00000000000e7364,rl_vi_bword
00000000000f34cc,rl_untranslate_keyseq
0000000000042764,sh_validfd
0000000000051c8c,setup_async_signals
00000000000b366c,break_builtin
00000000000d9410,ttfd_nocanon
0000000000035880,set_current_prompt_level
00000000000a8748,command_word_completion_function
0000000000079540,do_word_assignment
000000000006a0e4,skipsubscript
00000000000dde60,utf8_mbsnlen
0000000000102d30,_rl_backspace
00000000000cf3e4,internal_strmatch
000000000010a220,_rl_bracketed_text
00000000000464c4,check_selfref
0000000000099b60,tokenize_array_reference
00000000000d8340,match_pattern_char
0000000000068830,nohup_job
0000000000060e50,sv_comp_wordbreaks
00000000000ac0cc,xmalloc
000000000008a690,phash_create
000000000005f4a0,delete_var
0000000000062764,fatal_error
0000000000092888,maybe_call_trap_handler
0000000000114eb0,rl_get_next_history
00000000000ecf24,rl_vi_overstrike
00000000000c94c8,type_builtin
00000000000fe784,rl_copy_backward_word
000000000010a4e0,_rl_read_bracketed_paste_prefix
000000000011354c,read_history
0000000000044940,dispose_word
00000000000982ec,expand_and_quote_kvpair_word
000000000008b5c0,maybe_set_return_trap
00000000000ffa40,rl_redraw_prompt_last_line
00000000000e4210,_rl_keyseq_cxt_alloc
00000000000e92c8,rl_vi_undo
0000000000060360,dispose_used_env_vars
000000000005d288,push_dollar_vars
0000000000107150,rl_backward_char
0000000000060c60,sv_opterr
00000000000e0760,strlist_append
0000000000062820,all_variables_matching_prefix
0000000000108440,rl_call_last_kbd_macro
0000000000103450,_rl_update_final
000000000005562c,print_func_list
0000000000077700,fifos_pending
00000000000e3a20,rl_vi_fetch_history
0000000000060b44,sv_histchars
00000000000ca8a0,getopts_builtin
00000000000e9e08,rl_prep_terminal
000000000008b7c4,run_trap_cleanup
00000000000971e0,array_dequote_escapes
0000000000042744,sh_setclexec
000000000008ba40,ungetc_with_restart
00000000000ed804,rl_noninc_forward_search_again
0000000000077740,unlink_fifo
00000000000dbad0,sh_backslash_quote_for_double_quotes
00000000000b162c,sh_chkwrite
00000000000d64c0,strmatch
00000000000c1060,reset_shell_options
00000000001014c0,_rl_to_lower
0000000000066648,evalexp
00000000000abc40,builtin_arrayref_flags
00000000000e2ae8,shtimer_cleanup
0000000000035fe0,reset_readahead_token
00000000000c7084,show_all_var_attributes
000000000004ad44,coproc_fdchk
0000000000102c00,_rl_callback_data_dispose
0000000000040f20,parse_string_to_word_list
00000000000e4f30,rl_restart_output
0000000000092c70,check_signals
00000000000d92a0,tt_seteightbit
0000000000051880,find_variable_last_nameref
00000000000ac600,set_default_locale
000000000009952c,bind_array_variable
00000000000e10c4,zgetline
00000000000e0620,strlist_copy
000000000004436c,make_subshell_command
00000000000b57a0,should_suppress_fork
00000000000dfb40,netopen
000000000006b4f0,get_tty_state
000000000003792c,disable_priv_mode
0000000000101ea0,_rl_add_macro_char
00000000000370c0,find_reserved_word
0000000000110c40,_rl_char_value
0000000000043cb0,make_case_command
00000000000e2b70,shtimer_clear
00000000000446c8,xtrace_reset
00000000000da610,strvec_create
0000000000107a44,rl_yank
00000000000d2944,internal_getopt
00000000000ab020,set_itemlist_dirty
00000000000cd6c0,glob_patscan
00000000000454a4,coproc_active
00000000000f49a0,rl_set_keymap_name
000000000010eaa0,history_total_bytes
000000000005d800,merge_function_temporary_env
00000000000e0fc0,strlist_from_word_list
0000000000042420,exportable_function_name
000000000008dc28,reset_signal_handlers
0000000000069ba0,save_pgrp_pipe
00000000000ffbe0,_rl_clean_up_for_exit
00000000000775c4,clear_fifo_list
00000000001070cc,_rl_backward_char_internal
00000000000ba8a8,maybe_execute_file
00000000000da740,strvec_resize
00000000000b01ac,progcomp_search
0000000000076404,dequote_word
00000000000409a0,xparse_dolparen
000000000011650c,rl_emacs_editing_mode
0000000000091808,initialize_signals
00000000000ec060,_rl_vi_domove_callback
00000000000a0e2c,clear_hostname_list
00000000001163ec,rl_vi_editing_mode
00000000000feb20,rl_on_new_line
00000000000a12ac,find_token_in_alist
000000000005d7a0,merge_temporary_env
00000000000d6620,glob_vector
0000000000041720,dispose_fd_bitmap
000000000008d4c0,get_original_signal
00000000000d1160,xmbsrtowcs
0000000000112d20,_rl_reset_locale
00000000000d94e4,tt_setcbreak
00000000000435c4,make_bare_word
000000000005bca8,bind_variable_value
00000000000e6f08,rl_vi_replace
00000000000af1e0,make_builtin_argv
0000000000041ed0,set_posix_options
0000000000060be4,sv_optind
0000000000097124,assoc_dequote
000000000007a840,string_list_pos_params
00000000000f0ce0,rl_username_completion_function
00000000000358d0,return_EOF
000000000008b8e0,signal_is_pending
00000000000d5628,compopt_builtin
0000000000076768,remove_quoted_escapes
000000000008c5e8,unquoted_glob_pattern_p
00000000000430f0,get_group_array
00000000000b0fc0,sh_invalidnum
000000000008b96c,signal_is_hard_ignored
00000000000e47c0,_rl_end_executing_keyseq
0000000000060844,push_args
000000000008b800,free_trap_strings
00000000001156cc,get_history_event
00000000000d9544,ttfd_cbreak
000000000008bf4c,open_buffered_stream
00000000000fe204,rl_end_of_line
000000000008aa24,hash_remove
0000000000077720,num_fifos
00000000000e4988,rl_vi_bracktype
00000000000ff600,rl_restore_prompt
00000000000362c0,yy_input_name
00000000001042e8,rl_delete_horizontal_space
00000000000558a0,print_var_list
0000000000043440,tilde_initialize
00000000000795d0,expand_arith_string
00000000000914e4,setup_ignore_patterns
000000000006400c,assign_in_env
00000000000553ec,find_variable_nameref_for_create
0000000000043ae0,make_for_command
00000000000f2580,rl_generic_bind
0000000000060940,init_bash_argv
0000000000098fc0,array_to_assign
00000000000fe648,rl_backward_word
0000000000101c80,_rl_peek_macro_key
00000000000ac080,xrealloc
00000000000e08a0,strlist_merge
00000000000f3ce8,rl_function_of_keyseq
0000000000095f40,assoc_flush
000000000008b100,make_default_mailpath
00000000000fa308,rl_variable_bind
0000000000086668,word_split
00000000000e494c,_rl_vi_motion_command
0000000000095f80,assoc_quote_escapes
000000000005e18c,restore_pipeline
0000000000068ca8,default_tty_job_signals
0000000000047140,default_columns
00000000000c8100,source_builtin
00000000000779e0,set_procsub_status
000000000008d2c0,restore_sigmask
00000000000abe80,file_status
00000000000422e8,check_identifier
00000000000f520c,rl_bind_keyseq_if_unbound
00000000000e42a8,_rl_keyseq_chain_dispose
000000000003cc10,yyerror
0000000000100ac0,rl_cleanup_after_signal
0000000000042500,assignment
00000000000ec9e0,rl_vi_char_search
0000000000060fa0,sv_mail
0000000000062300,copy_function_def_contents
00000000000da800,strvec_flush
00000000000dd460,u32reset
0000000000114210,_rl_arg_overflow
0000000000047f70,clean_simple_command
000000000008ab80,phash_remove
000000000009a620,assoc_to_string
0000000000062e8c,pop_context
00000000000975a0,array_subrange
0000000000103b0c,rl_kill_line
0000000000090df0,run_exit_trap
0000000000045340,coproc_reap
00000000000ddec4,utf8_mblen
0000000000036d60,reset_parser
0000000000099480,bind_array_element
00000000000ddd04,sh_strvis
000000000008d2a0,jump_to_top_level
00000000000feeac,rl_clear_visible_line
0000000000042e50,base_pathname
0000000000063240,sv_shcompat
00000000000eb100,rl_vi_unix_word_rubout
00000000000ab044,initialize_itemlist
000000000010f670,stifle_history
0000000000091768,setup_glob_ignore
00000000000dab40,strvec_len
00000000000b58c8,optimize_connection_fork
000000000008e360,set_debug_trap
00000000000fe810,rl_copy_forward_word
00000000000ed888,rl_noninc_reverse_search_again
000000000010e690,previous_history
00000000000dbf40,ansic_shouldquote
00000000000e9c80,_rl_disable_tty_signals
0000000000037808,maybe_make_restricted
000000000010f560,remove_history_range
00000000000ab8a4,set_dollar_vars_changed
00000000000d6200,xstrmatch
0000000000046340,xtrace_print_arith_cmd
00000000001118a0,_rl_prep_non_filename_text
00000000000e5504,rl_deprep_terminal
00000000000d9ba4,print_timeval
00000000000dd940,sh_mbsnlen
000000000008bf80,close_buffered_stream
0000000000069160,give_terminal_to
000000000005f3e4,unbind_function_def
0000000000055f88,get_variable_value
00000000000c3840,read_builtin
0000000000114cc4,rl_get_previous_history
00000000000f36a8,_rl_untranslate_macro_value
000000000005ddc0,initialize_flags
000000000005da20,command_errstr
00000000000434a0,cmd_init
00000000000b0f80,sh_invalidid
00000000000973cc,assoc_remove_quoted_nulls
0000000000109260,rl_print_last_kbd_macro
0000000000044e00,async_redirect_stdin
0000000000102084,rl_abort
00000000000c8e80,describe_command
0000000000114a64,rl_digit_argument
0000000000112180,rl_downcase_word
000000000008d600,restore_default_signal
0000000000076ca0,expand_string_unsplit_to_string
0000000000109180,rl_revert_line
00000000000939c0,unary_test
0000000000063ce4,making_children
00000000000f6c68,rl_complete_internal
000000000005f320,put_command_name_into_env
00000000000e4360,_rl_vi_initialize_line
0000000000057b2c,adjust_shell_level
00000000000b3920,get_exitstat
0000000000108a60,rl_yank_nth_arg
000000000005ca80,all_shell_functions
0000000000060e30,sv_histignore
0000000000045120,getcoprocbypid
0000000000103dc8,rl_unix_word_rubout
0000000000100b40,_rl_block_sigint
000000000009cd64,assoc_to_assign
00000000000ba950,fc_execute_file
00000000000dcc40,inttostr
000000000006b440,get_original_tty_job_signals
00000000000f3d48,rl_trim_arg_from_keyseq
000000000010c3e0,rl_quoted_insert
0000000000041b30,save_input_line_state
00000000000daa00,strlist_sort
00000000000e98a0,rl_complete
0000000000076520,expand_string
0000000000036410,with_input_from_stream
0000000000035c70,shell_is_restricted
00000000000dab8c,strvec_remove
0000000000096040,bash_history_reinit
00000000000ff1d0,rl_reset_line_state
00000000000b3a70,display_signal_list
000000000005d44c,dispose_saved_dollar_vars
000000000010d8a0,rl_overwrite_mode
00000000000b0a60,builtin_builtin
00000000000f5b6c,rl_menu_complete
00000000000cd208,sh_getopt_restore_istate
00000000000fed00,rl_clear_display
00000000000e4c50,rl_copy_keymap
00000000000f7e4c,rl_unbind_command_in_map
0000000000079b08,expand_string_dollar_quote
0000000000109cc0,_rl_release_sigint
00000000000a0b88,bashline_set_event_hook
00000000000ad620,user_command_matches
000000000010a660,_rl_bracketed_read_key
000000000004a5e0,make_command_string
00000000000d1940,shopt_setopt
00000000000d9b08,timeval_to_secs
00000000000b5968,optimize_subshell_command
0000000000052b40,shell_execve
0000000000038528,read_secondary_line
00000000001124a8,rl_transpose_chars
00000000000ab560,progcomp_size
00000000000b9020,logout_builtin
000000000005ea30,set_var_read_only
0000000000096260,array_quote
0000000000075ac0,expand_prompt_string
0000000000036300,with_input_from_stdin
0000000000068748,procsub_clear
00000000000abb60,builtin_address
00000000000abfa4,executable_file
00000000001121a4,rl_capitalize_word
00000000000568a8,make_variable_value
00000000000df470,zcatfd
000000000010ae00,rl_skip_csi_sequence
00000000000e9960,rl_vi_complete
00000000000dd5ac,u32toutf8
0000000000046420,valid_nameref_value
0000000000077a20,reap_procsubs
00000000000998c0,find_or_make_array_variable
000000000005eba0,find_tempenv_variable
00000000000e8b88,rl_vi_next_word
0000000000042860,same_file
00000000000e1e20,sh_modcase
00000000000b0ec8,sh_neednumarg
00000000000ff280,rl_save_prompt
0000000000092660,run_interrupt_trap
00000000000b1980,get_job_by_name
0000000000063490,internal_warning
000000000010b1c0,rl_getc
000000000005f528,makunbound
00000000000f7580,rl_invoking_keyseqs_in_map
00000000000b08a4,sh_notfound
0000000000044dc0,dispose_partial_redirects
00000000000f15e0,rl_reverse_search_history
00000000000371f0,history_delimiting_chars
00000000001043e4,_rl_fix_mark
00000000000e6a64,rl_vi_start_inserting
00000000000fb550,rl_redisplay
0000000000102640,_rl_timeout_init
000000000009c168,array_keys
0000000000103660,_rl_disable_meta_key
0000000000097d40,assoc_modcase
000000000005f840,unbind_nameref
0000000000042388,importable_function_name
00000000000b0200,progcomp_create
000000000008b120,signal_name
00000000000420f0,legal_number
0000000000103924,rl_kill_text
00000000000dea00,zwrite
000000000004add0,coproc_fdclose
000000000010e880,_rl_set_insert_mode
000000000010bb64,_rl_init_terminal_io
00000000001039c0,rl_backward_kill_word
000000000005fae0,restore_pipestatus_array
00000000000b1ee0,bind_builtin
0000000000098020,array_keys_to_word_list
00000000000e6e00,rl_vi_insert_mode
00000000000a1f08,setup_history_ignore
000000000008d420,set_sigint_handler
00000000000b14e0,sh_badjob
00000000000a0d20,set_directory_hook
00000000000f5160,rl_bind_key_if_unbound_in_map
000000000008ed40,remove_alias
000000000011aac0,_rl_parse_colors
0000000000099c68,valid_array_reference
00000000000de4e0,shtimer_chktimeout
00000000000e12a8,strvec_to_word_list
000000000009c144,get_array_value
0000000000062a40,internal_error
000000000005c520,map_over
00000000000c20a0,dirs_builtin
0000000000091290,with_input_from_buffered_stream
00000000000b4d4c,programmable_completions
00000000000ec640,rl_vi_subst
0000000000068e2c,job_exit_status
00000000000360e8,init_yy_io
0000000000101dec,_rl_next_macro_key
000000000008b710,trap_to_sighandler
00000000000444e0,connect_async_list
00000000000deaec,falarm
0000000000062100,bind_function
0000000000109fec,rl_read_key
00000000000ac9d0,set_locale_var
00000000000feba0,_rl_clear_to_eol
0000000000107328,rl_next_screen_line
00000000000ac6e0,set_default_locale_vars
00000000000a1150,print_unix_command_map
0000000000041be0,restore_input_line_state
00000000000e56b0,rl_vi_set_mark
0000000000107840,rl_insert_text
00000000000ca020,wait_builtin
0000000000046744,xtrace_print_assignment
0000000000047bf0,make_redirection
00000000000d98c0,addtimeval
00000000000e4a6c,rl_add_funmap_entry
00000000000e4e20,rl_discard_keymap
00000000000b042c,no_options
0000000000069eec,de_backslash
00000000000ab920,number_of_args
0000000000073068,extract_arithmetic_subst
0000000000101140,_rl_ttymsg
00000000000ab948,dollar_vars_changed
000000000008a3e4,phash_flush
0000000000045290,coproc_dispose
0000000000035740,_start
00000000000ab490,pcomp_set_readline_variables
000000000005dc2c,set_current_flags
000000000008b644,queue_sigchld_trap
00000000000f4944,rl_get_keymap_name
00000000000c0cd0,list_minus_o_opts
00000000000fa16c,rl_expand_prompt
00000000001017c8,_rl_fix_point
00000000000ecd60,rl_vi_change_char
0000000000045b2c,polite_directory_format
00000000000a1360,substring
0000000000060508,sv_ignoreeof
0000000000109c30,rl_callback_handler_install
00000000000e8c44,rl_vi_prev_word
00000000000feaec,_rl_cr
00000000000f5300,_rl_scxt_dispose
000000000008ce20,quote_globbing_chars
00000000000d6e84,glob_filename
00000000000c89e0,times_builtin
0000000000046620,make_absolute
000000000008eb00,add_alias
000000000006378c,bind_var_to_int
00000000000b2cd0,cd_builtin
0000000000036068,parser_expanding_alias
0000000000098b50,array_to_kvpair
0000000000107780,rl_extend_line_buffer
000000000010f32c,_hs_search_history_data
000000000011006c,_rl_find_prev_mbchar_internal
00000000000ccce0,set_compatibility_opts
00000000000b0e8c,sh_needarg
0000000000050940,validate_inherited_value
000000000006ea8c,wait_for_background_pids
000000000007992c,cond_expand_word
00000000000e456c,rl_restore_state
00000000000dd430,fnx_tofs
000000000008bbe0,fd_to_buffered_stream
00000000000e0384,sh_mktmpfd
0000000000101630,rl_set_retained_kills
0000000000043e0c,make_if_command
00000000000cce00,sh_getopt
00000000000c0b40,read_tty_cleanup
00000000000d7b00,seedrand
000000000006d968,wait_for
0000000000044b0c,dispose_redirects
00000000000d8f80,ttattr
0000000000043fd0,make_arith_command
00000000000ee140,_rl_nsearch_callback
00000000000e04a0,sh_mktmpfp
00000000000e9680,rl_funmap_names
0000000000051c40,find_function_def
000000000009572c,array_from_word_list
0000000000098400,quote_compound_array_list
00000000000452e0,coproc_closeall
00000000000c7560,set_var_attribute
00000000001073c0,_rl_rubout_char
0000000000037160,parser_in_command_position
0000000000051600,find_function
000000000009a920,array_expand_index
0000000000102380,_rl_unget_char
00000000000e0ce8,strlist_prefix_suffix
0000000000044740,xtrace_fdchk
00000000000b0b80,sh_restricted
000000000008dfd0,initialize_terminating_signals
000000000008d980,ignore_signal
00000000000feac0,_rl_output_some_chars
000000000008d828,set_impossible_sigchld_trap
00000000000dab20,strvec_mresize
00000000000e4740,_rl_init_executing_keyseq
00000000000a0bc0,bashline_reset
000000000008c340,add_unwind_protect
00000000000f8160,rl_dump_functions
00000000000ea948,rl_vi_delete
00000000000466c0,printable_filename
00000000000ff8c8,_rl_clear_screen
000000000008b008,reset_mail_files
00000000000ffcec,_rl_ttyflush
0000000000043d80,make_pattern_list
00000000000d8464,wextglob_pattern_p
0000000000062b20,check_unbind_variable
0000000000097468,array_to_word_list
00000000000c6780,unset_builtin
000000000005cd24,dispose_var_context
00000000000ab66c,compspec_dispose
00000000000d8cb0,getmaxgroups
00000000000360a4,initialize_bash_input
00000000001029a0,_rl_input_available
00000000000507a4,sh_get_home_dir
0000000000047020,get_group_list
00000000000baa40,bash_logout
00000000000de5a8,shtimer_select
000000000009eaa8,bash_brace_completion
0000000000042200,legal_identifier
0000000000100f20,rl_forward_byte
0000000000100830,rl_reset_after_signal
00000000000b1380,sh_badpid
00000000000b1520,sh_nojobs
00000000000b024c,progcomp_remove
00000000000db450,sh_mkdoublequoted
0000000000063d24,programming_error
00000000000c0bc0,minus_o_option_value
0000000000074c24,unclosed_pair
00000000000603c0,chkexport
00000000000d8ec8,ttsave
0000000000095e40,init_eltstate
00000000000e9448,rl_insert_completions
00000000000def00,putenv
0000000000091048,save_bash_input
00000000001143c0,_rl_arg_getchar
00000000000aada0,strip_trailing
00000000000f7f00,rl_list_funmap_names
0000000000115d20,history_arg_extract
0000000000079560,do_assignment_no_expand
00000000000b08e0,unalias_builtin
00000000000e2a60,shtimer_unset
00000000000d8ea8,ttsetattr
0000000000090bc0,trap_handler
00000000000d9440,ttnocanon
000000000005cc60,new_var_context
0000000000099000,print_array_assignment
00000000000e2bf0,rl_set_prompt
000000000005caf0,local_exported_variables
00000000000491c4,print_simple_command
00000000000e4f00,rl_tty_set_echoing
0000000000108290,rl_tab_insert
000000000010eb20,_hs_at_end_of_history
00000000000436e4,make_word_flags
0000000000101240,_rl_errmsg
0000000000045bec,trim_pathname
000000000010fe44,_hs_history_patsearch
0000000000037504,get_current_prompt_level
00000000000368e4,shell_ungets
000000000008b760,set_original_signal
000000000004a580,print_command
000000000005a840,initialize_shell_variables
0000000000094ce0,array_copy
00000000000ac400,filter_stringlist
00000000000a9aa4,unbind_unix_command
00000000000ff328,rl_message
00000000000f7d80,rl_named_function
00000000000ffd10,_rl_current_display_line
0000000000045380,coproc_rclose
0000000000102590,rl_execute_next
000000000003fe00,execute_variable_command
00000000000e1460,get_new_window_size
00000000000616ec,copy_word
000000000008c8a0,quote_string_for_globbing
0000000000044400,make_coproc_command
0000000000099c84,expand_compound_array_assignment
000000000005ca00,all_shell_variables
0000000000037664,exit_shell
0000000000036be0,push_token
0000000000095804,array_assign_list
0000000000100e00,_rl_walphabetic
00000000000e1e80,u32cconv
00000000000925b0,run_error_trap
0000000000062d64,pop_var_context
000000000008b908,signal_is_special
00000000000a07c0,last_history_line
00000000000adfa0,find_in_path
00000000001015a0,rl_free
00000000000db0c0,dirspell
00000000000fe460,rl_tty_status
00000000000a16f0,find_index_in_alist
00000000000b0560,remember_args
0000000000112404,rl_exchange_point_and_mark
000000000005eb4c,sv_histtimefmt
0000000000039424,gather_here_documents
00000000000c8a6c,trap_builtin
00000000000df1c4,zread
00000000000ac00c,executable_or_directory
000000000005f8e4,unbind_variable_noref
00000000000e2f2c,readline_internal_teardown
000000000008ef64,alias_expand_word
00000000000b354c,get_numeric_arg
000000000006e700,wait_for_single_pid
00000000000e0010,sh_realpath
00000000000f7960,rl_invoking_keyseqs
00000000000e6788,_rl_dispatch_callback
00000000000e7b28,_rl_find_completion_word
0000000000114b20,rl_maybe_unsave_line
000000000010e480,rl_activate_mark
00000000000df020,unsetenv
0000000000069b50,close_pgrp_pipe
0000000000076480,dequote_list
000000000008ea50,find_alias
000000000005dc6c,reset_shell_flags
0000000000115fc0,history_tokenize
000000000008bb80,free_buffered_stream
00000000000b1dd0,builtin_warning
00000000000619a0,copy_redirects
000000000008d160,top_level_cleanup
0000000000042480,legal_alias_name
000000000005de80,stop_making_children
000000000006f600,start_job
00000000000e6520,_rl_dispatch
0000000000095d28,convert_var_to_array
00000000000e6c70,rl_vi_insert_beg
00000000000c10c8,var_attribute_string
000000000009ae80,assign_compound_array_list
00000000000f2c00,rl_bind_keyseq_in_map
000000000005d220,clear_dollar_vars
00000000000ae108,redirection_error
000000000005d9c0,pop_dollar_vars
00000000000dd544,u32tocesc
0000000000042cac,file_isdir
00000000000dd100,input_avail
00000000000ee5c0,rl_noninc_reverse_search
0000000000075e04,quote_escapes
00000000000aac80,false_builtin
00000000001018e8,_rl_copy_undo_entry
00000000000d1d04,initialize_bashopts
000000000005c8a0,all_visible_functions
00000000000e38a0,rl_vi_arg_digit
000000000006d560,procsub_prune
000000000010e800,history_list
0000000000111280,_rl_set_normal_color
000000000008ef20,all_aliases
00000000000fe1e8,_rl_null_function
00000000000de284,sbrand
0000000000048020,dispose_command
00000000000ba900,force_execute_file
00000000000ab7ac,builtin_usage
0000000000047df0,make_function_def
0000000000063e6c,command_error
000000000006d86c,reap_dead_jobs
00000000000f9664,_rl_isearch_callback
00000000000d984c,difftimeval
0000000000068c70,ignore_tty_job_signals
000000000010abc0,rl_insert
00000000000b1c28,get_job_spec
00000000000da8b0,strvec_dispose
00000000000689a4,terminate_current_pipeline
0000000000075b00,expand_word_leave_quoted
00000000000a0d80,bash_re_edit
000000000010f800,clear_history
00000000000e6d84,rl_vi_insertion_mode
000000000005c2a8,dispose_variable
0000000000056000,get_string_value
00000000000abba4,find_special_builtin
000000000010e384,_rl_is_mbchar_matched
00000000000625a0,get_name_for_error
000000000010c2c0,rl_set_screen_size
00000000000e9420,rl_possible_completions
00000000000dcea0,fpurge
0000000000045d6c,indirection_level_string
0000000000092000,run_pending_traps
00000000000b5ac0,can_optimize_cat_file
00000000000b13c0,sh_readonly
00000000000438a0,make_word
0000000000091ac4,termsig_sighandler
000000000010f3a0,_rl_free_saved_history_line
00000000000c87e4,test_builtin
00000000000d7aa0,strvec_posixcmp
00000000000f4da0,rl_variable_dumper
0000000000103f20,rl_unix_filename_rubout
000000000005cb80,flush_temporary_env
0000000000101aa0,rl_modifying
00000000000b1400,sh_erange
00000000001103c0,_rl_get_char_len
000000000010f7e0,history_is_stifled
000000000009680c,alias_expand
000000000005f980,unbind_global_variable
00000000001016c8,rl_add_undo
0000000000107688,_rl_redisplay_after_sigwinch
0000000000103c04,rl_backward_kill_line
00000000000e9320,rl_vi_overstrike_delete
0000000000114430,_rl_arg_dispatch
00000000000d92e0,ttfd_eightbit
0000000000077ae0,skip_to_delim
00000000001093ec,_rl_get_screen_size
0000000000060fe4,sv_terminal
0000000000061320,sv_strict_posix
0000000000045150,getcoprocbyname
000000000008dda0,unset_sigwinch_handler
00000000000f2c60,rl_macro_bind
00000000000dd448,fnx_fromfs
00000000000a1220,list_length
0000000000101424,_rl_digit_value
00000000000dbe00,sh_contains_quotes
000000000010f1ac,_hs_append_history_line
0000000000103484,_rl_erase_at_end_of_line
0000000000097e80,assoc_to_kvpair_list
00000000000e4e48,rl_free_keymap
0000000000042c00,sh_closepipe
00000000000ffaf0,rl_clear_screen
0000000000100b10,rl_pending_signal
00000000000dbe64,ansic_wshouldquote
00000000000757ec,strip_trailing_ifs_whitespace
00000000000b6d60,builtin_help
00000000000e5ba8,_rl_dispatch_subseq
000000000010f46c,_rl_start_using_history
00000000000e4f68,rl_stop_output
0000000000097080,array_dequote
00000000000d10a0,internal_wstrmatch
0000000000056620,make_new_array_variable
0000000000037764,set_exit_status
000000000006d808,list_all_jobs
00000000000dd8f0,utf8_mbsmbchar
00000000000769a0,remove_quoted_nulls
0000000000107380,rl_previous_screen_line
00000000000c3310,get_dirstack_from_string
00000000001025e0,rl_set_timeout
0000000000072b24,extract_command_subst
00000000000441ec,make_simple_command
00000000000e0e60,strvec_from_word_list
000000000008baa0,set_bash_input_fd
00000000000952c8,array_insert
0000000000060d80,sv_globignore
0000000000047800,make_here_document
0000000000057800,bind_variable
00000000000ab5a0,progcomp_dispose
0000000000103600,_rl_enable_meta_key
0000000000066960,stop_pipeline
0000000000044900,dispose_word_desc
0000000000109888,_rl_signal_handler
00000000000cd260,udequote_pathname
0000000000044160,make_bare_simple_command
0000000000112b00,_rl_init_locale
000000000008c4e0,unwind_protect_tag_on_stack
0000000000107ac0,rl_yank_pop
00000000000ee608,rl_vi_search
0000000000033a40,main
00000000000909c0,initialize_traps
000000000004a9e0,undo_partial_redirects
00000000000d8e00,zreset
00000000000d1120,wcsmatch
00000000000454e0,restore_parser_state
0000000000101c00,_rl_push_executing_macro
0000000000043020,group_member
0000000000046de4,bash_tilde_expand
0000000000102820,_rl_timeout_select
000000000010e4c0,rl_deactivate_mark
00000000000fa140,_rl_strip_prompt
000000000005bbec,sh_set_lines_and_columns
000000000008c820,glob_char_p
00000000000d9920,multimeval
000000000010c3a0,rl_reset_terminal
000000000008c460,clear_unwind_protect_list
00000000000fa5a0,rl_parse_and_bind
000000000008af50,hash_walk
00000000000aefa0,compspec_copy
00000000000c0960,set_dirstack_element
0000000000037600,subshell_exit
00000000001097b0,rl_resize_terminal
00000000000745e0,skip_to_histexp
00000000000de2c0,seedrand32
00000000000740a0,char_is_quoted
0000000000093560,binary_test
00000000000c74c0,show_func_attributes
00000000000e8500,rl_vi_fWord
00000000000d5080,complete_builtin
0000000000103720,_rl_set_cursor
00000000000f4f60,rl_dump_variables
0000000000080340,getifs
0000000000068a08,terminate_stopped_jobs
00000000000c7f28,shift_builtin
0000000000080128,setifs
0000000000096100,maybe_append_history
000000000006b924,make_child
0000000000109200,rl_undo_command
0000000000040840,pretty_print_loop
000000000008a780,hash_bucket
000000000008e6a0,test_unop
00000000000e48cc,_rl_del_executing_keyseq
00000000000a9900,bind_keyseq_to_unix_command
00000000000aaf88,stdin_redirects
00000000001041e0,rl_vi_yank_pop
00000000000dd220,nchars_avail
00000000000df724,sh_regmatch
00000000000912ec,shell_glob_filename
00000000000ab968,set_dollar_vars_unchanged
00000000000d8980,umatchlen
00000000000615c4,set_pipestatus_from_exit
000000000006a100,kill_current_pipeline
00000000000e43b0,rl_save_state
00000000000c6350,set_builtin
00000000000dec60,getenv
00000000000b3fac,builtin_unbind_variable
00000000001151a0,_rl_revert_previous_lines
00000000000dee40,setenv
00000000000dda80,sh_charvis
00000000000b56e0,should_optimize_fork
00000000000451c0,coproc_init
000000000008c4b0,have_unwind_protects
00000000000f3d30,rl_function_of_keyseq_len
00000000000a11b0,bash_dequote_text
00000000000dcd8c,uinttostr
00000000000ea400,rl_initialize
000000000008b4c0,set_error_trap
00000000000d8d20,getmaxchild
0000000000094e00,array_slice
0000000000046580,file_iswdir
0000000000036444,push_stream
00000000000dad80,spname
000000000010722c,rl_forward_char
00000000000d8d60,sh_setlinebuf
00000000000e02ac,sh_mktmpname
00000000000ee5e4,rl_noninc_forward_search
0000000000036384,with_input_from_string
000000000008e3c0,restore_traps
0000000000053d20,find_variable
00000000000c2d20,popd_builtin
000000000008bb04,fd_is_bash_input
00000000000b1d30,local_builtin
00000000000f1ee0,rl_translate_keyseq
000000000010164c,rl_end_undo_group
0000000000110c20,_rl_find_next_mbchar
00000000001142e0,rl_discard_argument
0000000000061060,sv_histsize
00000000000b5844,can_optimize_connection
000000000005a780,set_ppid
000000000010ebc0,alloc_history_entry
0000000000051a64,find_global_variable_noref
000000000005df8c,discard_last_procsub_child
00000000000b1744,alias_builtin
00000000000e7740,rl_vi_match
00000000000e2844,ansiexpand
0000000000078300,list_rest_of_args
00000000000f1e40,rl_unbind_function_in_map
00000000000adc60,find_user_command
0000000000095220,array_quote_escapes
00000000000d19f0,set_bashopts
000000000008eaa4,get_alias_value
00000000000611a0,sv_history_control
00000000000aad80,declare_builtin
0000000000053da0,restore_funcarray_state
00000000000784a0,string_rest_of_args
0000000000100100,rl_on_new_line_with_prompt
00000000000edca8,rl_history_search_forward
0000000000101480,_rl_pure_alphabetic
000000000006d6e8,list_one_job
0000000000046b64,xtrace_print_select_command_head
00000000000d7e4c,xdupmbstowcs
00000000000673ac,procsub_waitpid
00000000000adc80,find_path_file
00000000000edc00,rl_history_substr_search_forward
000000000010ba60,_rl_reset_region_color
00000000000bc640,bg_builtin
0000000000076ba4,word_list_remove_quoted_nulls
00000000000c27a4,pushd_builtin
00000000000d7a80,strvec_strcmp
00000000000a0284,bash_groupname_completion_function
000000000010e6e0,where_history
000000000010e3f0,_rl_set_mark_at_pos
00000000000cd2c4,wcdequote_pathname
0000000000112980,rl_backward_char_search
00000000000dcd20,mitos
00000000000760cc,quote_string
000000000008b220,first_pending_trap
00000000000ff748,_rl_make_prompt_for_search
0000000000040120,parse_command
00000000000a1268,list_append
00000000000e4b84,rl_initialize_funmap
000000000010234c,_rl_pushed_input_available
00000000000368b0,clear_shell_input_line
00000000000de028,mbsmbchar
00000000000b1580,sh_wrerror
0000000000069be0,restore_pgrp_pipe
0000000000113f90,tilde_expand_word
0000000000094fa0,array_shift
